City_ID,City,Country,Date,Lat,Lng,Max Temp,Humidity,Cloudiness,Wind Speed,Current Description,Rain inches (last 3 hrs),Snow inches (last 3 hrs)
0,Havelock,US,2020-05-09 23:55:20,34.88,-76.9,61.0,41,0,1.01,clear sky,0,0
1,Saskylakh,RU,2020-05-09 23:55:20,71.92,114.08,23.27,97,100,9.4,light snow,0,0
2,Atuona,PF,2020-05-09 23:55:21,-9.8,-139.03,80.78,78,51,18.97,light rain,0,0
3,Grindavik,IS,2020-05-09 23:55:21,63.84,-22.43,37.4,55,0,4.7,clear sky,0,0
4,Sydney,AU,2020-05-09 23:52:01,-33.87,151.21,60.01,41,20,21.92,few clouds,0,0
5,Yumen,CN,2020-05-09 23:55:21,40.28,97.2,45.27,50,88,22.26,overcast clouds,0,0
6,Hilo,US,2020-05-09 23:55:21,19.73,-155.09,80.6,61,90,5.82,overcast clouds,0,0
7,Tay Ninh,VN,2020-05-09 23:51:38,11.3,106.1,84.27,70,88,8.08,overcast clouds,0,0
8,Yellowknife,CA,2020-05-09 23:55:21,62.46,-114.35,37.4,44,20,9.17,few clouds,0,0
9,Hermanus,ZA,2020-05-09 23:55:21,-34.42,19.23,60.01,73,0,5.73,clear sky,0,0
10,Fortuna,US,2020-05-09 23:55:21,40.6,-124.16,63.0,82,1,12.75,clear sky,0,0
11,Banda Aceh,ID,2020-05-09 23:55:22,5.56,95.32,78.37,88,100,4.14,overcast clouds,0,0
12,Jalu,LY,2020-05-09 23:55:22,29.03,21.55,67.42,24,26,7.14,scattered clouds,0,0
13,Houma,US,2020-05-09 23:55:22,29.6,-90.72,64.4,59,90,9.17,overcast clouds,0,0
14,Farsund,NO,2020-05-09 23:55:22,58.09,6.8,48.99,87,86,12.93,light rain,0,0
15,Agirish,RU,2020-05-09 23:55:22,61.92,63.02,55.44,64,0,5.37,clear sky,0,0
16,Lebu,CL,2020-05-09 23:55:22,-37.62,-73.65,57.38,87,99,19.19,light rain,0,0
17,Pitimbu,BR,2020-05-09 23:55:22,-7.47,-34.81,75.2,88,20,3.36,few clouds,0,0
18,Bredasdorp,ZA,2020-05-09 23:55:22,-34.53,20.04,59.0,93,0,1.12,clear sky,0,0
19,Vardo,NO,2020-05-09 23:55:22,70.37,31.11,34.2,85,87,0.72,overcast clouds,0,0
20,Butaritari,KI,2020-05-09 23:55:22,3.07,172.79,83.5,80,5,9.42,clear sky,0,0
21,Punta Arenas,CL,2020-05-09 23:52:03,-53.15,-70.92,42.8,93,90,4.7,overcast clouds,0,0
22,Cam Ranh,VN,2020-05-09 23:55:22,11.92,109.16,86.0,84,20,3.56,few clouds,0,0
23,Uyskoye,RU,2020-05-09 23:55:23,54.38,60.0,57.29,67,100,1.68,overcast clouds,0,0
24,Mecca,SA,2020-05-09 23:55:23,21.43,39.83,83.1,60,90,4.14,overcast clouds,0,0
25,Cockburn Town,TC,2020-05-09 23:55:23,21.46,-71.14,80.98,86,30,12.03,scattered clouds,0,0
26,Yima,CN,2020-05-09 23:55:23,34.74,111.88,60.93,57,17,8.9,few clouds,0,0
27,Amapa,BR,2020-05-09 23:55:23,1.0,-52.0,74.08,97,84,2.53,light rain,0,0
28,Bethel,US,2020-05-09 23:55:23,41.37,-73.41,37.0,69,75,17.22,light snow,0,0
29,Rikitea,PF,2020-05-09 23:55:23,-23.12,-134.97,75.85,69,65,4.03,broken clouds,0,0
30,Narsaq,GL,2020-05-09 23:55:23,60.92,-46.05,50.0,21,30,21.92,scattered clouds,0,0
31,Cape Town,ZA,2020-05-09 23:55:23,-33.93,18.42,59.0,93,75,2.24,fog,0,0
32,Terra Santa,BR,2020-05-09 23:55:23,-2.1,-56.49,77.68,85,67,1.23,broken clouds,0,0
33,Ryotsu,JP,2020-05-09 23:55:23,38.08,138.43,57.2,100,90,10.22,moderate rain,0,0
34,Keti Bandar,PK,2020-05-09 23:55:23,24.14,67.45,80.47,88,1,12.41,clear sky,0,0
35,Faanui,PF,2020-05-09 23:55:24,-16.48,-151.75,81.14,81,15,16.89,few clouds,0,0
36,Arraial Do Cabo,BR,2020-05-09 23:55:24,-22.97,-42.03,71.73,64,0,12.21,clear sky,0,0
37,Port Alfred,ZA,2020-05-09 23:55:24,-33.59,26.89,61.0,87,1,8.55,clear sky,0,0
38,Portland,US,2020-05-09 23:53:49,45.52,-122.68,87.01,21,75,19.46,broken clouds,0,0
39,Kodiak,US,2020-05-09 23:55:24,57.79,-152.41,44.6,87,90,10.29,light rain,0,0
40,Ushuaia,AR,2020-05-09 23:55:24,-54.8,-68.3,44.6,81,80,5.82,broken clouds,0,0
41,Kununurra,AU,2020-05-09 23:55:24,-15.77,128.73,84.2,37,51,6.93,broken clouds,0,0
42,Touros,BR,2020-05-09 23:55:24,-5.2,-35.46,77.0,83,20,4.7,few clouds,0,0
43,Anadyr,RU,2020-05-09 23:55:24,64.75,177.48,33.8,95,90,62.63,fog,0,0
44,Sao Filipe,CV,2020-05-09 23:55:25,14.9,-24.5,73.74,74,98,8.72,overcast clouds,0,0
45,Hobart,AU,2020-05-09 23:51:26,-42.88,147.33,51.01,66,20,12.75,few clouds,0,0
46,Nara,JP,2020-05-09 23:54:25,34.69,135.8,69.01,72,75,1.12,broken clouds,0,0
47,Provideniya,RU,2020-05-09 23:55:25,64.38,-173.3,38.93,79,100,34.9,overcast clouds,0,0
48,Namatanai,PG,2020-05-09 23:55:25,-3.67,152.43,86.95,65,2,7.25,clear sky,0,0
49,Barrow,US,2020-05-09 23:55:25,71.29,-156.79,30.2,86,1,5.82,clear sky,0,0
50,Port Elizabeth,ZA,2020-05-09 23:55:25,-33.92,25.57,59.0,100,20,5.82,few clouds,0,0
51,Saint-Pierre,RE,2020-05-09 23:55:25,-21.34,55.48,69.8,73,0,8.05,clear sky,0,0
52,Axim,GH,2020-05-09 23:55:25,4.87,-2.24,80.87,87,29,7.45,light rain,0,0
53,Santa Cruz,BO,2020-05-09 23:55:25,-17.8,-63.17,69.8,68,0,5.82,clear sky,0,0
54,Sola,VU,2020-05-09 23:55:25,-13.88,167.55,80.55,78,51,15.21,broken clouds,0,0
55,Ola,RU,2020-05-09 23:55:25,59.58,151.28,41.11,64,97,8.52,overcast clouds,0,0
56,Acapulco,MX,2020-05-09 23:52:02,16.86,-99.89,86.0,66,5,9.17,clear sky,0,0
57,Jamestown,US,2020-05-09 23:55:21,42.1,-79.24,33.8,74,90,14.99,light rain,0,0
58,Constitucion,CL,2020-05-09 23:55:26,-35.33,-72.42,55.51,91,19,0.83,few clouds,0,0
59,Tera,NE,2020-05-09 23:55:26,14.01,0.75,87.1,27,15,3.09,few clouds,0,0
60,Mataura,NZ,2020-05-09 23:55:26,-46.19,168.86,56.79,65,59,3.74,broken clouds,0,0
61,Asau,RO,2020-05-09 23:55:26,46.43,26.4,48.99,80,35,3.87,scattered clouds,0,0
62,Russkaya Polyana,UA,2020-05-09 23:55:26,49.42,31.92,45.86,74,76,7.96,broken clouds,0,0
63,Chota,PE,2020-05-09 23:55:26,-6.55,-78.65,56.89,87,78,4.09,broken clouds,0,0
64,Broome,US,2020-05-09 23:52:44,42.25,-75.83,35.01,86,90,9.17,light snow,0,0
65,Hambantota,LK,2020-05-09 23:55:26,6.12,81.12,80.62,85,100,4.94,overcast clouds,0,0
66,Thompson,CA,2020-05-09 23:55:27,55.74,-97.86,37.4,34,75,13.87,broken clouds,0,0
67,Albany,US,2020-05-09 23:53:39,42.6,-73.97,36.0,54,79,7.0,broken clouds,0,0
68,Carnarvon,AU,2020-05-09 23:55:27,-24.87,113.63,75.63,39,100,15.21,overcast clouds,0,0
69,Castro,BR,2020-05-09 23:55:27,-24.79,-50.01,51.82,88,0,3.4,clear sky,0,0
70,Vestmanna,FO,2020-05-09 23:55:27,62.16,-7.17,30.2,68,49,12.75,scattered clouds,0,0
71,Port Antonio,JM,2020-05-09 23:55:27,18.18,-76.46,86.0,70,20,24.16,few clouds,0,0
72,Poya,NC,2020-05-09 23:55:27,-21.35,165.15,77.4,60,6,2.68,clear sky,0,0
73,Longyearbyen,SJ,2020-05-09 23:55:27,78.22,15.64,17.6,57,20,11.41,few clouds,0,0
74,Wajima,JP,2020-05-09 23:55:27,37.4,136.9,60.8,93,75,2.24,light intensity shower rain,0,0
75,Mehamn,NO,2020-05-09 23:55:27,71.04,27.85,29.64,90,94,7.36,overcast clouds,0,0
76,Grand Gaube,MU,2020-05-09 23:55:27,-20.01,57.66,70.0,83,1,3.0,clear sky,0,0
77,Chuy,UY,2020-05-09 23:55:28,-33.7,-53.46,55.71,74,54,7.49,broken clouds,0,0
78,Vila,PT,2020-05-09 23:55:28,42.03,-8.16,55.99,100,40,3.36,scattered clouds,0,0
79,Meadow Lake,US,2020-05-09 23:55:28,34.8,-106.54,82.4,7,1,6.93,clear sky,0,0
80,Ponta Do Sol,PT,2020-05-09 23:55:28,32.67,-17.1,66.2,68,40,2.24,scattered clouds,0,0
81,Deer Lake,CA,2020-05-09 23:55:28,49.17,-57.43,37.4,93,90,10.29,light rain,0,0
82,Ambon,ID,2020-05-09 23:55:28,-3.7,128.18,86.0,74,40,4.7,scattered clouds,0,0
83,Ballinrobe,IE,2020-05-09 23:55:28,53.63,-9.23,53.01,90,100,8.66,overcast clouds,0,0
84,Bluff,NZ,2020-05-09 23:55:28,-46.6,168.33,56.32,72,61,7.16,broken clouds,0,0
85,New Norfolk,AU,2020-05-09 23:55:28,-42.78,147.06,48.99,74,11,4.0,few clouds,0,0
86,Muros,ES,2020-05-09 23:55:29,42.78,-9.06,55.0,93,33,7.23,scattered clouds,0,0
87,Mae Hong Son,TH,2020-05-09 23:55:29,19.3,97.97,78.4,75,11,0.74,few clouds,0,0
88,Busselton,AU,2020-05-09 23:52:31,-33.65,115.33,42.01,76,0,2.77,clear sky,0,0
89,Nikolskoye,RU,2020-05-09 23:55:29,59.7,30.79,41.0,69,32,4.47,scattered clouds,0,0
90,Pangnirtung,CA,2020-05-09 23:55:29,66.15,-65.71,27.52,93,100,9.53,light snow,0,0
91,Faya,SA,2020-05-09 23:55:29,18.39,42.45,68.0,77,1,0.81,clear sky,0,0
92,Mar Del Plata,AR,2020-05-09 23:55:29,-38.0,-57.56,59.0,87,0,10.29,clear sky,0,0
93,Manokwari,ID,2020-05-09 23:55:29,-0.87,134.08,84.79,71,50,2.57,scattered clouds,0,0
94,Hobyo,SO,2020-05-09 23:55:29,5.35,48.53,83.1,80,76,7.31,broken clouds,0,0
95,Ewo,CG,2020-05-09 23:55:29,-0.87,14.82,75.04,86,100,2.98,light rain,0,0
96,Necochea,AR,2020-05-09 23:55:29,-38.55,-58.74,51.01,87,0,1.99,clear sky,0,0
97,Iquitos,PE,2020-05-09 23:55:09,-3.75,-73.25,78.8,78,20,3.36,few clouds,0,0
98,Qaanaaq,GL,2020-05-09 23:55:30,77.48,-69.36,10.69,84,77,3.65,broken clouds,0,0
99,Kapustin Yar,RU,2020-05-09 23:55:30,48.58,45.74,49.62,80,0,16.08,clear sky,0,0
100,Nome,US,2020-05-09 23:54:17,64.5,-165.41,48.2,61,1,17.22,clear sky,0,0
101,Sinnamary,GF,2020-05-09 23:55:30,5.38,-52.95,78.17,88,98,13.15,moderate rain,0,0
102,Sao Joao Da Barra,BR,2020-05-09 23:55:30,-21.64,-41.05,69.75,63,9,8.72,clear sky,0,0
103,Kachug,RU,2020-05-09 23:55:30,53.96,105.88,46.98,57,52,8.68,broken clouds,0,0
104,Vaini,TO,2020-05-09 23:55:30,-21.2,-175.2,80.6,88,75,10.29,broken clouds,0,0
105,Vao,NC,2020-05-09 23:55:30,-22.67,167.48,72.46,69,59,11.36,broken clouds,0,0
106,Tombouctou,ML,2020-05-09 23:55:30,20.0,-3.0,86.61,12,0,3.74,clear sky,0,0
107,Tasiilaq,GL,2020-05-09 23:55:30,65.61,-37.64,32.0,89,100,16.11,overcast clouds,0,0
108,Letka,RU,2020-05-09 23:55:30,59.6,49.42,50.13,98,55,2.95,broken clouds,0,0
109,Victoria,HK,2020-05-09 23:54:38,22.29,114.16,86.0,70,64,4.0,broken clouds,0,0
110,Neuquen,AR,2020-05-09 23:54:44,-38.95,-68.06,71.6,19,30,12.75,scattered clouds,0,0
111,Calbiga,PH,2020-05-09 23:55:31,11.62,125.02,85.73,71,100,3.47,overcast clouds,0,0
112,Mount Barker,AU,2020-05-09 23:53:15,-35.07,138.87,54.0,82,90,4.0,overcast clouds,0,0
113,Impfondo,CG,2020-05-09 23:55:31,1.64,18.07,71.78,96,98,2.51,overcast clouds,0,0
114,Flin Flon,CA,2020-05-09 23:55:31,54.77,-101.86,39.85,64,91,11.48,overcast clouds,0,0
115,Alamogordo,US,2020-05-09 23:55:31,32.9,-105.96,87.8,7,1,5.82,clear sky,0,0
116,Souillac,MU,2020-05-09 23:55:31,-20.52,57.52,75.2,78,40,6.93,shower rain,0,0
117,Tuktoyaktuk,CA,2020-05-09 23:55:31,69.45,-133.04,35.6,74,40,16.11,scattered clouds,0,0
118,Hovd,MN,2020-05-09 23:55:31,48.01,91.64,46.62,43,0,1.61,clear sky,0,0
119,Karagay,RU,2020-05-09 23:55:31,58.27,54.94,56.17,69,44,6.51,scattered clouds,0,0
120,Yar-Sale,RU,2020-05-09 23:55:31,66.83,70.83,34.56,90,96,9.1,overcast clouds,0,0
121,Khatanga,RU,2020-05-09 23:55:32,71.97,102.5,23.23,98,18,8.03,few clouds,0,0
122,Montepuez,MZ,2020-05-09 23:55:32,-13.13,39.0,63.21,92,16,9.15,few clouds,0,0
123,Verkhnevilyuysk,RU,2020-05-09 23:55:32,63.45,120.32,41.32,58,0,7.11,clear sky,0,0
124,Voi,KE,2020-05-09 23:55:32,-3.39,38.56,72.05,70,77,7.18,broken clouds,0,0
125,Whitehorse,CA,2020-05-09 23:52:09,60.72,-135.05,69.8,22,40,16.11,scattered clouds,0,0
126,Prabumulih,ID,2020-05-09 23:55:32,-3.45,104.25,74.34,98,100,4.25,overcast clouds,0,0
127,Clyde River,CA,2020-05-09 23:55:32,70.47,-68.59,14.0,85,90,18.34,overcast clouds,0,0
128,Palimbang,PH,2020-05-09 23:55:34,6.21,124.19,84.63,72,100,3.74,light rain,0,0
129,Loukhi,RU,2020-05-09 23:55:34,66.08,33.04,30.34,98,66,8.16,broken clouds,0,0
130,Magadan,RU,2020-05-09 23:52:20,59.57,150.8,40.77,65,75,10.04,broken clouds,0,0
131,Mtinko,TZ,2020-05-09 23:55:34,-4.55,34.85,61.68,81,42,10.87,scattered clouds,0,0
132,Quelimane,MZ,2020-05-09 23:55:34,-17.88,36.89,68.0,100,40,4.7,scattered clouds,0,0
133,Geraldton,AU,2020-05-09 23:55:35,-28.77,114.6,59.0,51,66,11.41,broken clouds,0,0
134,Kahului,US,2020-05-09 23:53:55,20.89,-156.47,82.4,58,40,18.34,scattered clouds,0,0
135,Avarua,CK,2020-05-09 23:55:35,-21.21,-159.78,82.4,74,14,11.41,few clouds,0,0
136,Bathsheba,BB,2020-05-09 23:55:35,13.22,-59.52,80.6,69,40,20.8,scattered clouds,0,0
137,Isangel,VU,2020-05-09 23:55:36,-19.55,169.27,80.6,74,40,5.82,scattered clouds,0,0
138,Alekseyevskaya,RU,2020-05-09 23:55:36,50.29,42.18,45.0,88,41,7.56,scattered clouds,0,0
139,Solvychegodsk,RU,2020-05-09 23:55:36,61.33,46.92,44.37,96,100,3.89,overcast clouds,0,0
140,Shenjiamen,CN,2020-05-09 23:55:36,29.96,122.3,62.2,95,100,4.41,light rain,0,0
141,Bambous Virieux,MU,2020-05-09 23:55:36,-20.34,57.76,75.2,78,40,6.93,shower rain,0,0
142,Ucar,AZ,2020-05-09 23:55:36,40.52,47.65,55.4,93,90,10.29,overcast clouds,0,0
143,Saint-Philippe,RE,2020-05-09 23:55:37,-21.36,55.77,69.8,73,38,8.05,scattered clouds,0,0
144,Mount Isa,AU,2020-05-09 23:55:37,-20.73,139.5,69.8,28,3,16.11,clear sky,0,0
145,Tongliao,CN,2020-05-09 23:55:37,43.61,122.27,67.3,24,0,18.61,clear sky,0,0
146,Antofagasta,CL,2020-05-09 23:55:37,-23.65,-70.4,60.8,77,90,10.29,overcast clouds,0,0
147,Nanortalik,GL,2020-05-09 23:55:37,60.14,-45.24,40.14,69,31,14.9,scattered clouds,0,0
148,Karakol,KG,2020-05-09 23:50:40,42.49,78.39,49.48,55,95,2.06,overcast clouds,0,0
149,San Julian,MX,2020-05-09 23:55:37,21.02,-102.17,76.23,26,64,10.47,broken clouds,0,0
150,Pocosol,CR,2020-05-09 23:55:37,10.37,-84.62,77.0,88,75,5.82,thunderstorm with rain,0,0
151,Saint-Georges,GD,2020-05-09 23:55:37,12.06,-61.75,80.6,78,20,17.22,few clouds,0,0
152,Ribeira Grande,PT,2020-05-09 23:55:37,38.52,-28.7,63.05,85,97,21.92,overcast clouds,0,0
153,Lagoa,PT,2020-05-09 23:55:38,39.05,-27.98,62.17,86,100,25.21,light rain,0,0
154,Aklavik,CA,2020-05-09 23:55:38,68.22,-135.01,44.6,52,20,16.11,few clouds,0,0
155,Paro,BT,2020-05-09 23:55:38,27.43,89.41,50.09,54,2,2.66,clear sky,0,0
156,Lac Du Bonnet,CA,2020-05-09 23:55:38,50.25,-96.06,43.0,43,100,8.99,overcast clouds,0,0
157,Udachnyy,RU,2020-05-09 23:55:38,66.42,112.4,30.2,100,90,11.18,shower snow,0,0
158,Iqaluit,CA,2020-05-09 23:55:38,63.75,-68.51,35.6,80,90,6.93,light snow,0,0
159,Awjilah,LY,2020-05-09 23:55:38,29.11,21.29,67.53,24,10,7.25,clear sky,0,0
160,Haines Junction,CA,2020-05-09 23:55:38,60.75,-137.51,67.5,31,64,2.17,broken clouds,0,0
161,Matamoros,MX,2020-05-09 23:53:54,25.53,-103.25,87.8,25,40,10.29,scattered clouds,0,0
162,Cidreira,BR,2020-05-09 23:53:30,-30.18,-50.21,63.79,82,0,8.81,clear sky,0,0
163,Kapaa,US,2020-05-09 23:55:38,22.08,-159.32,78.8,69,20,17.22,few clouds,0,0
164,Arman,RU,2020-05-09 23:55:39,59.7,150.17,42.73,60,54,10.49,broken clouds,0,0
165,Christchurch,NZ,2020-05-09 23:52:23,-43.53,172.63,59.0,93,19,9.17,few clouds,0,0
166,Sujangarh,IN,2020-05-09 23:55:39,27.7,74.46,85.48,26,37,2.44,scattered clouds,0,0
167,Pallasovka,RU,2020-05-09 23:55:39,50.05,46.88,48.16,82,0,13.85,clear sky,0,0
168,Kenai,US,2020-05-09 23:55:39,60.55,-151.26,60.8,38,20,19.46,few clouds,0,0
169,Mahebourg,MU,2020-05-09 23:55:39,-20.41,57.7,75.2,78,40,6.93,shower rain,0,0
170,Nantucket,US,2020-05-09 23:55:39,41.28,-70.1,44.6,33,20,28.86,few clouds,0,0
171,Carinhanha,BR,2020-05-09 23:55:39,-14.3,-43.77,68.22,77,84,5.41,broken clouds,0,0
172,Nouakchott,MR,2020-05-09 23:55:39,18.09,-15.98,73.4,73,50,20.8,scattered clouds,0,0
173,Przasnysz,PL,2020-05-09 23:55:39,53.02,20.88,48.0,100,19,2.93,few clouds,0,0
174,Labytnangi,RU,2020-05-09 23:55:39,66.66,66.42,34.36,90,100,1.28,light rain,0,0
175,Ballina,AU,2020-05-09 23:55:40,-28.87,153.57,70.0,82,0,4.7,clear sky,0,0
176,Slonim,BY,2020-05-09 23:55:40,53.09,25.32,46.2,90,91,4.65,overcast clouds,0,0
177,Olga,RU,2020-05-09 23:55:40,43.74,135.29,48.34,95,100,3.49,moderate rain,0,0
178,Rantepao,ID,2020-05-09 23:55:40,-2.97,119.9,69.8,91,100,2.66,heavy intensity rain,0,0
179,Kawalu,ID,2020-05-09 23:55:40,-7.38,108.21,75.65,83,94,2.84,overcast clouds,0,0
180,Sambava,MG,2020-05-09 23:55:40,-14.27,50.17,74.64,85,67,11.36,light rain,0,0
181,El Rosario,MX,2020-05-09 23:55:40,24.26,-107.18,89.01,49,0,5.99,clear sky,0,0
182,Zhigansk,RU,2020-05-09 23:55:40,66.77,123.37,21.7,96,19,10.92,few clouds,0,0
183,Ilulissat,GL,2020-05-09 23:55:40,69.22,-51.1,30.2,92,100,3.36,light snow,0,0
184,San Patricio,MX,2020-05-09 23:55:41,19.22,-104.7,84.2,79,20,11.41,few clouds,0,0
185,Yatou,CN,2020-05-09 23:55:41,37.15,122.38,56.37,91,100,5.14,overcast clouds,0,0
186,Marsabit,KE,2020-05-09 23:55:41,2.33,37.99,64.81,95,94,13.18,overcast clouds,0,0
187,Flinders,AU,2020-05-09 23:55:41,-34.58,150.86,59.0,51,0,11.01,clear sky,0,0
188,Moindou,NC,2020-05-09 23:55:41,-21.69,165.68,75.2,64,90,2.24,overcast clouds,0,0
189,Ulaangom,MN,2020-05-09 23:55:41,49.98,92.07,49.3,41,0,0.87,clear sky,0,0
190,Poum,NC,2020-05-09 23:55:41,-20.23,164.02,76.69,64,0,8.43,clear sky,0,0
191,East London,ZA,2020-05-09 23:55:41,-33.02,27.91,64.83,70,9,5.57,clear sky,0,0
192,Coquimbo,CL,2020-05-09 23:55:42,-29.95,-71.34,55.4,87,75,4.7,broken clouds,0,0
193,Namibe,AO,2020-05-09 23:55:42,-15.2,12.15,80.46,51,33,3.38,scattered clouds,0,0
194,Severnyy,RU,2020-05-09 23:55:42,50.68,36.55,44.6,87,31,6.71,scattered clouds,0,0
195,Tallahassee,US,2020-05-09 23:55:29,30.44,-84.28,73.4,33,75,8.05,broken clouds,0,0
196,Gambo,CF,2020-05-09 23:55:42,4.65,22.26,68.83,98,77,1.7,broken clouds,0,0
197,Maua,BR,2020-05-09 23:55:42,-23.67,-46.46,62.6,82,0,5.82,clear sky,0,0
198,Korla,CN,2020-05-09 23:55:42,41.76,86.15,62.83,27,50,18.66,scattered clouds,0,0
199,Dukat,RU,2020-05-09 23:55:42,62.55,155.55,29.14,98,100,12.33,snow,0,0
200,Airai,TL,2020-05-09 23:55:42,-8.93,125.41,64.94,90,98,4.18,overcast clouds,0,0
201,Nijar,ES,2020-05-09 23:55:42,36.97,-2.21,66.2,72,60,23.04,broken clouds,0,0
202,Georgetown,MY,2020-05-09 23:55:43,5.41,100.34,80.6,100,40,2.24,scattered clouds,0,0
203,San Cristobal,VE,2020-05-09 23:55:43,7.77,-72.22,68.5,88,32,3.69,scattered clouds,0,0
204,Leningradskiy,RU,2020-05-09 23:55:43,69.38,178.42,27.21,96,100,11.01,overcast clouds,0,0
205,Rotnes,NO,2020-05-09 23:55:43,60.06,10.86,46.99,61,75,2.24,light rain,0,0
206,Naze,JP,2020-05-09 23:55:43,28.37,129.48,73.4,94,75,10.29,broken clouds,0,0
207,Alexandria,EG,2020-05-09 23:55:43,31.22,29.96,64.54,68,0,10.45,clear sky,0,0
208,Aloleng,PH,2020-05-09 23:55:43,16.13,119.78,86.56,68,63,7.14,broken clouds,0,0
209,Sevierville,US,2020-05-09 23:53:25,35.87,-83.56,60.01,28,1,1.36,clear sky,0,0
210,Omboue,GA,2020-05-09 23:55:43,-1.57,9.26,77.2,86,67,3.76,broken clouds,0,0
211,Caravelas,BR,2020-05-09 23:55:43,-17.71,-39.25,71.33,73,13,9.95,few clouds,0,0
212,Vila Velha,BR,2020-05-09 23:55:44,-20.33,-40.29,66.2,88,41,3.36,scattered clouds,0,0
213,Balezino,RU,2020-05-09 23:55:44,57.98,53.01,54.73,64,2,5.26,clear sky,0,0
214,Pevek,RU,2020-05-09 23:55:44,69.7,170.31,37.44,75,100,14.67,overcast clouds,0,0
215,Naryan-Mar,RU,2020-05-09 23:55:44,67.67,53.09,28.72,94,21,6.38,few clouds,0,0
216,Tuatapere,NZ,2020-05-09 23:55:44,-46.13,167.68,60.37,72,93,6.8,overcast clouds,0,0
217,Guanare,VE,2020-05-09 23:55:44,9.04,-69.74,77.97,84,0,0.76,light rain,0,0
218,Bilibino,RU,2020-05-09 23:55:44,68.05,166.44,38.23,76,100,10.07,overcast clouds,0,0
219,Port Blair,IN,2020-05-09 23:55:44,11.67,92.75,82.94,80,91,2.21,overcast clouds,0,0
220,Hamilton,US,2020-05-09 23:55:44,39.18,-84.53,53.6,32,1,4.7,clear sky,0,0
221,Kapitan Ramon,PH,2020-05-09 23:55:44,10.77,123.13,82.9,76,97,6.26,overcast clouds,0,0
222,Lompoc,US,2020-05-09 23:53:01,34.64,-120.46,66.99,82,90,5.82,overcast clouds,0,0
223,Pierre,US,2020-05-09 23:55:45,44.37,-100.35,41.0,69,90,28.86,overcast clouds,0,0
224,Kautokeino,NO,2020-05-09 23:55:45,69.01,23.04,14.76,84,23,4.36,few clouds,0,0
225,Camacha,PT,2020-05-09 23:55:45,33.08,-16.33,64.4,88,40,13.87,scattered clouds,0,0
226,Santa Isabel Do Rio Negro,BR,2020-05-09 23:55:45,-0.41,-65.02,75.88,96,99,1.12,overcast clouds,0,0
227,Guerrero Negro,MX,2020-05-09 23:55:45,27.98,-114.06,74.55,50,0,16.22,clear sky,0,0
228,Charyshskoye,RU,2020-05-09 23:55:45,51.4,83.56,55.26,49,0,5.32,clear sky,0,0
229,Shimoda,JP,2020-05-09 23:55:45,34.67,138.95,68.0,94,75,16.11,light intensity shower rain,0,0
230,Ust-Maya,RU,2020-05-09 23:55:45,60.42,134.53,34.83,79,99,6.76,overcast clouds,0,0
231,Ust-Tsilma,RU,2020-05-09 23:55:45,65.44,52.15,39.97,88,46,4.03,scattered clouds,0,0
232,Luxor,EG,2020-05-09 23:55:46,25.7,32.64,67.48,37,0,4.92,clear sky,0,0
233,Ramsar,IR,2020-05-09 23:55:46,36.92,50.64,64.2,72,57,6.6,light rain,0,0
234,Goundam,ML,2020-05-09 23:55:46,16.41,-3.67,92.19,10,7,10.85,clear sky,0,0
235,Arraias,BR,2020-05-09 23:55:46,-12.93,-46.94,67.21,84,56,7.38,broken clouds,0,0
236,Aden,YE,2020-05-09 23:52:21,12.78,45.04,86.52,61,1,9.57,clear sky,0,0
237,Anshun,CN,2020-05-09 23:55:46,26.25,105.93,62.28,77,93,7.99,overcast clouds,0,0
238,Esperance,AU,2020-05-09 23:55:46,-33.87,121.9,44.6,87,0,13.87,clear sky,0,0
239,Ginda,IN,2020-05-09 23:55:46,30.69,78.49,53.98,49,53,8.63,broken clouds,0,0
240,Upernavik,GL,2020-05-09 23:55:46,72.79,-56.15,18.86,93,100,13.2,overcast clouds,0,0
241,Ketchikan,US,2020-05-09 23:54:04,55.34,-131.65,73.4,27,1,12.75,clear sky,0,0
242,Quatre Cocos,MU,2020-05-09 23:55:46,-20.21,57.76,75.2,78,40,6.93,shower rain,0,0
243,Rawson,AR,2020-05-09 23:53:38,-43.3,-65.1,60.06,50,37,12.5,scattered clouds,0,0
244,Northam,GB,2020-05-09 23:55:47,51.03,-4.22,54.0,91,76,1.99,broken clouds,0,0
245,Port Townsend,US,2020-05-09 23:55:47,48.12,-122.76,73.0,46,1,4.7,clear sky,0,0
246,Conceicao Do Mato Dentro,BR,2020-05-09 23:55:47,-19.04,-43.42,59.32,91,49,2.59,scattered clouds,0,0
247,Godfrey,US,2020-05-09 23:55:47,38.96,-90.19,63.0,41,75,8.05,broken clouds,0,0
248,Katsuura,JP,2020-05-09 23:55:47,35.13,140.3,68.0,88,90,9.17,light intensity drizzle rain,0,0
249,La Concordia,NI,2020-05-09 23:55:47,13.2,-86.17,77.92,65,94,5.84,light rain,0,0
250,Katangli,RU,2020-05-09 23:55:47,51.71,143.23,45.01,61,0,3.87,clear sky,0,0
251,Saint-Augustin,CA,2020-05-09 23:55:47,51.23,-58.65,34.11,91,99,17.4,light rain,0,0
252,Vestmannaeyjar,IS,2020-05-09 23:55:47,63.44,-20.27,37.69,80,63,11.56,broken clouds,0,0
253,Gratkorn,AT,2020-05-09 23:55:48,47.15,15.37,60.01,100,76,2.24,broken clouds,0,0
254,Sioux Lookout,CA,2020-05-09 23:55:48,50.1,-91.92,41.0,48,75,9.17,broken clouds,0,0
255,Egvekinot,RU,2020-05-09 23:55:48,66.32,-179.17,32.43,99,100,20.67,light snow,0,0
256,Empangeni,ZA,2020-05-09 23:55:48,-28.76,31.89,62.26,95,9,2.91,clear sky,0,0
257,Berbera,SO,2020-05-09 23:55:48,10.44,45.01,87.67,71,0,2.19,clear sky,0,0
258,Labuhan,ID,2020-05-09 23:55:48,-6.88,112.21,78.49,82,87,3.15,overcast clouds,0,0
259,Kiama,AU,2020-05-09 23:55:48,-34.68,150.87,59.0,44,0,7.0,clear sky,0,0
260,Port-Gentil,GA,2020-05-09 23:55:48,-0.72,8.78,80.6,94,20,3.36,few clouds,0,0
261,Kavieng,PG,2020-05-09 23:55:48,-2.57,150.8,86.0,69,2,7.99,clear sky,0,0
262,Brigantine,US,2020-05-09 23:55:48,39.41,-74.36,48.2,34,75,23.04,broken clouds,0,0
263,Ayr,GB,2020-05-09 23:51:40,55.46,-4.63,53.6,87,75,5.82,broken clouds,0,0
264,Auki,SB,2020-05-09 23:55:49,-8.77,160.7,87.42,66,60,4.72,broken clouds,0,0
265,Irpa Irpa,BO,2020-05-09 23:55:49,-17.72,-66.27,68.0,36,19,4.54,few clouds,0,0
266,Koygorodok,RU,2020-05-09 23:55:49,60.45,51.0,49.08,98,68,2.93,broken clouds,0,0
267,Bengkulu,ID,2020-05-09 23:55:49,-3.8,102.27,77.05,88,100,4.36,overcast clouds,0,0
268,Hithadhoo,MV,2020-05-09 23:55:49,-0.6,73.08,84.45,77,81,11.61,light rain,0,0
269,Pisco,PE,2020-05-09 23:55:49,-13.7,-76.22,68.0,82,7,16.11,clear sky,0,0
270,Puerto Ayora,EC,2020-05-09 23:55:49,-0.74,-90.35,78.01,92,42,6.62,scattered clouds,0,0
271,North Bend,US,2020-05-09 23:55:49,43.41,-124.22,69.01,82,1,8.05,clear sky,0,0
272,Ancud,CL,2020-05-09 23:55:49,-41.87,-73.82,48.99,93,75,10.29,broken clouds,0,0
273,Komsomolskiy,UZ,2020-05-09 23:55:49,40.43,71.72,62.6,67,31,6.93,scattered clouds,0,0
274,Pasni,PK,2020-05-09 23:55:50,25.26,63.47,81.21,71,5,6.8,clear sky,0,0
275,Severo-Kurilsk,RU,2020-05-09 23:55:50,50.68,156.12,33.76,90,96,17.69,overcast clouds,0,0
276,Amalner,IN,2020-05-09 23:55:50,21.05,75.07,79.23,53,0,7.36,clear sky,0,0
277,Vyartsilya,RU,2020-05-09 23:55:50,62.18,30.69,31.37,97,3,3.71,clear sky,0,0
278,Matay,EG,2020-05-09 23:55:50,28.42,30.78,62.85,65,0,10.6,clear sky,0,0
279,Dikson,RU,2020-05-09 23:55:50,73.51,80.55,26.02,97,90,19.6,overcast clouds,0,0
280,Bubaque,GW,2020-05-09 23:55:50,11.28,-15.83,77.77,75,14,11.39,few clouds,0,0
281,Mabaruma,GY,2020-05-09 23:55:50,8.2,-59.78,74.68,89,26,4.45,scattered clouds,0,0
282,San Quintin,MX,2020-05-09 23:55:50,30.48,-115.95,69.17,67,0,8.72,clear sky,0,0
283,Kruisfontein,ZA,2020-05-09 23:55:50,-34.0,24.73,59.31,54,0,4.65,clear sky,0,0
284,Fairbanks,US,2020-05-09 23:53:09,64.84,-147.72,71.01,29,1,5.64,clear sky,0,0
285,Kristiansund,NO,2020-05-09 23:55:50,63.11,7.73,35.6,84,79,27.51,light snow,0,0
286,Andenes,NO,2020-05-09 23:55:51,69.31,16.12,26.6,86,99,11.41,light snow,0,0
287,Karlshamn,SE,2020-05-09 23:55:51,56.17,14.86,46.99,75,12,2.24,few clouds,0,0
288,Manacapuru,BR,2020-05-09 23:55:51,-3.3,-60.62,82.4,88,40,2.24,scattered clouds,0,0
289,Chapais,CA,2020-05-09 23:55:51,49.78,-74.85,26.6,68,90,6.93,light snow,0,0
290,Izumo,JP,2020-05-09 23:55:51,35.37,132.77,66.2,93,75,16.11,broken clouds,0,0
291,Mogwase,ZA,2020-05-09 23:55:51,-25.18,27.27,60.04,51,0,3.02,clear sky,0,0
292,Novoilinsk,RU,2020-05-09 23:55:51,51.68,108.71,45.14,58,1,10.47,clear sky,0,0
293,Saint-Joseph,RE,2020-05-09 23:55:51,-21.37,55.62,69.8,73,18,8.05,few clouds,0,0
294,Prieska,ZA,2020-05-09 23:55:51,-29.66,22.75,57.83,36,0,3.22,clear sky,0,0
295,Uige,AO,2020-05-09 23:55:51,-7.61,15.06,68.65,87,100,2.42,overcast clouds,0,0
296,Khatassy,RU,2020-05-09 23:55:52,61.9,129.64,32.0,80,0,6.71,clear sky,0,0
297,Plouzane,FR,2020-05-09 23:55:52,48.38,-4.62,55.4,93,25,3.36,mist,0,0
298,Salalah,OM,2020-05-09 23:55:52,17.02,54.09,82.4,83,20,3.18,few clouds,0,0
299,Kazachinskoye,RU,2020-05-09 23:55:52,57.7,93.28,55.78,76,97,5.06,overcast clouds,0,0
300,Shingu,JP,2020-05-09 23:55:52,33.73,135.98,68.0,100,75,10.29,shower rain,0,0
301,Port Hedland,AU,2020-05-09 23:55:52,-20.32,118.57,80.6,34,71,12.75,broken clouds,0,0
302,Baykit,RU,2020-05-09 23:55:52,61.67,96.37,48.85,54,58,12.26,broken clouds,0,0
303,Eyl,SO,2020-05-09 23:55:52,7.98,49.82,82.53,75,47,5.59,scattered clouds,0,0
304,Alofi,NU,2020-05-09 23:55:52,-19.06,-169.92,86.0,74,72,10.29,broken clouds,0,0
305,Potosi,BO,2020-05-09 23:55:52,-19.58,-65.75,48.27,52,0,3.02,clear sky,0,0
306,Camana,PE,2020-05-09 23:55:53,-16.62,-72.71,67.12,79,73,5.21,broken clouds,0,0
307,Viedma,AR,2020-05-09 23:54:46,-40.81,-63.0,60.76,38,48,11.18,scattered clouds,0,0
308,Chokurdakh,RU,2020-05-09 23:55:53,70.63,147.92,26.51,98,34,4.99,scattered clouds,0,0
309,Cap Malheureux,MU,2020-05-09 23:55:53,-19.98,57.61,70.0,83,0,3.0,clear sky,0,0
310,Bielsko-Biala,PL,2020-05-09 23:55:53,49.82,19.05,57.99,92,100,3.0,overcast clouds,0,0
311,Inhambane,MZ,2020-05-09 23:55:53,-23.86,35.38,68.54,84,9,9.69,clear sky,0,0
312,Tiksi,RU,2020-05-09 23:55:53,71.69,128.87,22.75,94,0,3.67,clear sky,0,0
313,Rafaela,AR,2020-05-09 23:55:53,-31.25,-61.49,63.0,42,0,4.0,clear sky,0,0
314,Morondava,MG,2020-05-09 23:55:53,-20.28,44.28,73.26,67,0,7.83,clear sky,0,0
315,Chiang Khong,TH,2020-05-09 23:55:53,20.26,100.4,78.01,80,66,0.96,broken clouds,0,0
316,Rio Gallegos,AR,2020-05-09 23:53:58,-51.62,-69.22,39.2,93,90,2.24,fog,0,0
317,Petropavlovka,RU,2020-05-09 23:55:54,50.61,105.32,44.51,58,27,6.26,scattered clouds,0,0
318,Cardinal,CA,2020-05-09 23:55:54,44.78,-75.38,39.99,38,1,18.34,clear sky,0,0
319,Moba,CN,2020-05-09 23:55:54,33.23,105.02,49.69,60,1,2.46,clear sky,0,0
320,Najran,SA,2020-05-09 23:55:54,17.49,44.13,77.0,41,0,4.7,clear sky,0,0
321,Guipavas,FR,2020-05-09 23:52:39,48.44,-4.4,55.4,93,25,3.36,mist,0,0
322,Alice Springs,AU,2020-05-09 23:55:27,-23.7,133.88,57.2,47,30,19.46,scattered clouds,0,0
323,Preobrazheniye,RU,2020-05-09 23:55:54,42.9,133.91,49.5,95,100,5.55,moderate rain,0,0
324,Mandera,KE,2020-05-09 23:55:54,3.94,41.87,80.28,70,79,20.02,broken clouds,0,0
325,Valdez,EC,2020-05-09 23:55:54,1.25,-78.98,80.42,86,78,9.51,broken clouds,0,0
326,Sabha,LY,2020-05-09 23:55:54,27.04,14.43,80.2,17,0,9.75,clear sky,0,0
327,Seoul,KR,2020-05-09 23:55:23,37.57,126.98,57.2,93,90,5.82,overcast clouds,0,0
328,Avera,US,2020-05-09 23:55:55,33.19,-82.53,64.4,42,1,4.7,clear sky,0,0
329,Nurota,UZ,2020-05-09 23:55:55,40.56,65.69,59.0,82,0,9.17,clear sky,0,0
330,Boyolangu,ID,2020-05-09 23:55:55,-8.12,111.89,76.46,86,100,0.89,overcast clouds,0,0
331,Manaus,BR,2020-05-09 23:54:22,-3.1,-60.02,82.4,83,75,2.24,broken clouds,0,0
332,Adiake,CI,2020-05-09 23:55:55,5.29,-3.3,82.4,83,20,10.29,few clouds,0,0
333,Sobolevo,RU,2020-05-09 23:55:55,54.43,31.9,44.47,86,50,5.14,scattered clouds,0,0
334,Preston,GB,2020-05-09 23:55:55,53.77,-2.72,59.0,84,42,2.19,scattered clouds,0,0
335,Ladario,BR,2020-05-09 23:55:55,-19.0,-57.6,68.63,68,0,3.29,clear sky,0,0
336,Tiptur,IN,2020-05-09 23:55:55,13.26,76.48,77.65,61,55,5.82,broken clouds,0,0
337,Bestobe,KZ,2020-05-09 23:55:56,52.5,73.1,54.82,65,18,9.82,few clouds,0,0
338,Abadan,IR,2020-05-09 23:51:05,30.34,48.3,89.6,33,75,23.04,broken clouds,0,0
339,Rio Cuarto,AR,2020-05-09 23:55:56,-33.13,-64.35,60.8,48,0,8.05,clear sky,0,0
340,Te Anau,NZ,2020-05-09 23:55:56,-45.42,167.72,56.79,81,100,4.92,overcast clouds,0,0
341,Khor,RU,2020-05-09 23:55:56,47.89,134.95,50.74,85,100,10.16,light rain,0,0
342,Tabora,TZ,2020-05-09 23:55:56,-5.02,32.8,69.8,77,75,5.84,broken clouds,0,0
343,Aleksandrov Gay,RU,2020-05-09 23:55:56,50.15,48.57,49.23,78,0,12.53,clear sky,0,0
344,Atambua,ID,2020-05-09 23:55:56,-9.11,124.89,77.76,71,79,5.17,broken clouds,0,0
345,Changde,CN,2020-05-09 23:55:56,29.05,111.68,65.07,74,23,4.14,few clouds,0,0
346,Ambilobe,MG,2020-05-09 23:55:56,-13.2,49.05,71.2,87,42,4.23,scattered clouds,0,0
347,Port Lincoln,AU,2020-05-09 23:55:57,-34.73,135.87,58.75,61,36,9.22,scattered clouds,0,0
348,La Orilla,MX,2020-05-09 23:55:57,17.98,-102.23,83.91,63,0,8.41,clear sky,0,0
349,Puerto Suarez,BO,2020-05-09 23:55:57,-18.95,-57.8,68.81,68,0,4.09,clear sky,0,0
350,Minyar,RU,2020-05-09 23:55:57,55.07,57.55,56.95,77,97,1.99,overcast clouds,0,0
351,Kanepi,EE,2020-05-09 23:55:57,57.98,26.76,43.0,69,4,1.12,clear sky,0,0
352,Marmarion,GR,2020-05-09 23:55:57,38.05,24.32,60.8,51,0,3.65,clear sky,0,0
353,Gambela,ET,2020-05-09 23:55:57,8.25,34.58,75.88,75,100,3.24,overcast clouds,0,0
354,Lorengau,PG,2020-05-09 23:55:57,-2.02,147.27,86.31,70,14,9.48,few clouds,0,0
355,Yaan,NG,2020-05-09 23:55:57,7.38,8.57,75.51,88,100,5.57,moderate rain,0,0
356,Gat,IL,2020-05-09 23:55:57,31.61,34.76,64.0,77,21,3.44,few clouds,0,0
357,Bilma,NE,2020-05-09 23:55:57,18.69,12.92,82.02,12,0,5.75,clear sky,0,0
358,Sept-Iles,CA,2020-05-09 23:55:57,50.2,-66.38,39.99,81,75,3.36,broken clouds,0,0
359,Severodvinsk,RU,2020-05-09 23:55:58,64.56,39.83,37.4,93,20,2.24,few clouds,0,0
360,Havoysund,NO,2020-05-09 23:55:58,71.0,24.66,32.0,82,50,14.99,scattered clouds,0,0
361,Gaptsakh,RU,2020-05-09 23:55:58,41.45,47.93,46.36,83,95,3.4,moderate rain,0,0
362,Yerbogachen,RU,2020-05-09 23:55:59,61.28,108.01,50.13,90,100,11.88,light rain,0,0
363,Paamiut,GL,2020-05-09 23:55:59,61.99,-49.67,42.1,65,78,6.13,broken clouds,0,0
364,Sitka,US,2020-05-09 23:55:59,57.05,-135.33,69.8,28,75,14.99,broken clouds,0,0
365,Huilong,CN,2020-05-09 23:55:59,31.81,121.66,66.99,94,93,6.11,overcast clouds,0,0
366,Galle,LK,2020-05-09 23:55:59,6.04,80.22,82.24,80,92,3.09,overcast clouds,0,0
367,Killam,CA,2020-05-09 23:55:59,52.78,-111.85,46.0,47,77,14.0,broken clouds,0,0
368,Znamenskoye,RU,2020-05-09 23:55:59,57.13,73.83,56.44,52,0,3.53,clear sky,0,0
369,Illapel,CL,2020-05-09 23:55:59,-31.63,-71.17,53.06,70,0,1.45,clear sky,0,0
370,Nagato,JP,2020-05-09 23:56:00,34.38,131.2,66.2,100,75,10.29,broken clouds,0,0
371,Santiago Del Estero,AR,2020-05-09 23:56:00,-27.8,-64.26,64.47,52,0,6.42,clear sky,0,0
372,Enshi,CN,2020-05-09 23:56:00,30.3,109.48,66.88,75,91,0.63,overcast clouds,0,0
373,Dingle,PH,2020-05-09 23:56:00,11.0,122.67,84.96,69,92,7.34,overcast clouds,0,0
374,Kamaishi,JP,2020-05-09 23:56:00,39.27,141.88,57.2,93,75,2.24,light rain,0,0
375,Kaitangata,NZ,2020-05-09 23:56:00,-46.28,169.85,57.0,60,75,1.99,broken clouds,0,0
376,Hasaki,JP,2020-05-09 23:56:00,35.73,140.83,68.0,100,75,9.17,light rain,0,0
377,Alakurtti,RU,2020-05-09 23:56:00,66.97,30.35,24.01,87,26,5.3,scattered clouds,0,0
378,Nokaneng,BW,2020-05-09 23:56:00,-19.67,22.27,61.59,32,0,8.59,clear sky,0,0
379,Norman Wells,CA,2020-05-09 23:56:00,65.28,-126.83,48.2,45,5,18.34,clear sky,0,0
380,Meulaboh,ID,2020-05-09 23:56:00,4.14,96.13,77.14,90,100,5.26,overcast clouds,0,0
381,Azul,AR,2020-05-09 23:56:01,-36.78,-59.86,57.0,79,0,5.44,clear sky,0,0
382,Nyurba,RU,2020-05-09 23:56:01,63.28,118.33,42.31,59,59,10.2,broken clouds,0,0
383,Umm Lajj,SA,2020-05-09 23:56:01,25.02,37.27,72.86,50,100,11.97,overcast clouds,0,0
384,Saldanha,ZA,2020-05-09 23:56:01,-33.01,17.94,57.2,62,0,2.24,clear sky,0,0
385,Hami,CN,2020-05-09 23:56:01,42.8,93.45,58.03,31,0,2.8,clear sky,0,0
386,Severo-Yeniseyskiy,RU,2020-05-09 23:56:01,60.37,93.04,52.65,79,76,9.42,broken clouds,0,0
387,Niculitel,RO,2020-05-09 23:56:01,45.18,28.48,48.2,81,70,3.36,broken clouds,0,0
388,Belaya Gora,RU,2020-05-09 23:56:01,68.53,146.42,32.18,97,93,8.28,overcast clouds,0,0
389,Pacific Grove,US,2020-05-09 23:55:59,36.62,-121.92,66.99,63,1,10.29,clear sky,0,0
390,Torbay,CA,2020-05-09 23:56:01,47.67,-52.73,46.4,93,90,32.21,light rain,0,0
391,Dudinka,RU,2020-05-09 23:56:01,69.41,86.18,30.2,86,75,17.9,light snow,0,0
392,College,US,2020-05-09 23:56:02,64.86,-147.8,71.01,26,75,5.61,broken clouds,0,0
393,Oktyabrskiy,RU,2020-05-09 23:56:02,54.48,53.47,57.43,74,42,10.33,scattered clouds,0,0
394,Itarema,BR,2020-05-09 23:56:02,-2.92,-39.92,77.83,85,18,6.93,few clouds,0,0
395,Krasnoselkup,RU,2020-05-09 23:56:02,65.7,82.47,32.99,92,8,3.91,clear sky,0,0
396,Dalvik,IS,2020-05-09 23:56:02,65.97,-18.53,26.6,63,11,1.12,few clouds,0,0
397,Orlik,RU,2020-05-09 23:56:02,52.52,99.83,39.33,63,37,2.75,scattered clouds,0,0
398,Pangkalanbuun,ID,2020-05-09 23:54:07,-2.68,111.62,77.47,84,99,1.66,overcast clouds,0,0
399,Beringovskiy,RU,2020-05-09 23:56:02,63.05,179.32,34.23,95,100,27.47,overcast clouds,0,0
400,Mbale,UG,2020-05-09 23:56:02,1.08,34.17,65.37,91,98,3.09,moderate rain,0,0
401,Teius,RO,2020-05-09 23:56:02,46.2,23.68,50.0,76,20,5.82,few clouds,0,0
402,Tamandare,BR,2020-05-09 23:56:02,-8.76,-35.1,77.88,77,21,6.6,few clouds,0,0
403,Norsup,VU,2020-05-09 23:56:03,-16.07,167.38,82.4,69,40,9.17,scattered clouds,0,0
404,Belmonte,BR,2020-05-09 23:56:03,-15.86,-38.88,75.2,64,40,10.29,scattered clouds,0,0
405,Tucuman,AR,2020-05-09 23:56:03,-26.82,-65.22,64.4,68,0,4.7,clear sky,0,0
406,Sokoni,TZ,2020-05-09 23:56:03,-6.43,39.55,77.0,88,75,17.69,broken clouds,0,0
407,San Carlos De Bariloche,AR,2020-05-09 23:54:31,-41.15,-71.31,42.8,87,90,18.34,moderate rain,0,0
408,Haljala,EE,2020-05-09 23:56:03,59.43,26.26,38.32,76,17,2.57,few clouds,0,0
409,Lata,PT,2020-05-09 23:56:03,40.16,-8.33,55.0,91,54,1.99,broken clouds,0,0
410,Chumikan,RU,2020-05-09 23:56:03,54.72,135.31,41.74,67,67,4.05,broken clouds,0,0
411,Billings,US,2020-05-09 23:55:00,45.78,-108.5,57.99,26,75,3.53,broken clouds,0,0
412,Klaksvik,FO,2020-05-09 23:56:03,62.23,-6.59,30.2,68,69,12.75,broken clouds,0,0
413,Lielvarde,LV,2020-05-09 23:56:03,56.72,24.81,43.0,93,5,3.06,fog,0,0
414,Joao Camara,BR,2020-05-09 23:56:03,-5.54,-35.82,77.0,83,20,4.7,few clouds,0,0
415,Grand-Santi,GF,2020-05-09 23:56:04,4.25,-54.38,73.72,97,76,2.37,broken clouds,0,0
416,Dapaong,TG,2020-05-09 23:56:04,10.86,0.2,85.17,57,65,11.83,broken clouds,0,0
417,Dawlatabad,AF,2020-05-09 23:56:04,36.41,64.91,69.62,43,0,6.62,clear sky,0,0
418,Gubkinskiy,RU,2020-05-09 23:56:04,64.43,76.5,37.09,81,34,10.4,scattered clouds,0,0
419,Aranos,NA,2020-05-09 23:56:04,-24.13,19.12,62.2,34,0,11.16,clear sky,0,0
420,Peniche,PT,2020-05-09 23:56:04,39.36,-9.38,60.01,87,79,11.01,moderate rain,0,0
421,Hastings,GB,2020-05-09 23:56:04,50.86,0.57,57.99,68,98,1.01,overcast clouds,0,0
422,Marzuq,YE,2020-05-09 23:56:04,14.4,46.47,76.39,23,20,4.83,few clouds,0,0
423,Aksarka,RU,2020-05-09 23:56:04,66.56,67.8,35.89,93,100,3.2,light rain,0,0
424,Sorland,NO,2020-05-09 23:56:05,67.67,12.69,33.4,81,95,5.88,overcast clouds,0,0
425,Ozernovskiy,RU,2020-05-09 23:56:05,51.5,156.52,33.19,91,100,15.5,light snow,0,0
426,Moramanga,MG,2020-05-09 23:56:05,-18.93,48.2,59.29,95,75,3.62,broken clouds,0,0
427,Qandala,SO,2020-05-09 23:56:05,11.47,49.87,86.05,58,34,1.01,scattered clouds,0,0
428,Sechura,PE,2020-05-09 23:56:05,-5.56,-80.82,74.53,71,5,18.48,clear sky,0,0
429,Armidale,AU,2020-05-09 23:56:05,-30.52,151.65,48.99,54,59,3.0,broken clouds,0,0
430,Yanaul,RU,2020-05-09 23:56:05,56.27,54.93,56.52,78,88,9.19,overcast clouds,0,0
431,Margate,GB,2020-05-09 23:56:05,51.38,1.39,57.0,77,64,1.99,broken clouds,0,0
432,Roma,US,2020-05-09 23:53:06,43.21,-75.46,39.2,48,75,24.16,broken clouds,0,0
433,Kouqian,CN,2020-05-09 23:56:05,43.64,126.46,63.99,60,83,4.52,broken clouds,0,0
434,Lasa,IT,2020-05-09 23:56:05,46.62,10.7,51.8,87,40,5.82,scattered clouds,0,0
435,Ibra,OM,2020-05-09 23:56:06,22.69,58.53,81.79,24,0,4.94,clear sky,0,0
436,Batagay-Alyta,RU,2020-05-09 23:56:06,67.8,130.41,22.8,94,91,2.55,overcast clouds,0,0
437,Cabo San Lucas,MX,2020-05-09 23:56:06,22.89,-109.91,87.8,40,40,14.99,scattered clouds,0,0
438,Batemans Bay,AU,2020-05-09 23:56:06,-35.72,150.18,60.01,36,0,3.0,clear sky,0,0
439,Bonavista,CA,2020-05-09 23:56:06,48.65,-53.11,39.94,90,100,31.27,light rain,0,0
440,Olinda,BR,2020-05-09 23:56:06,-8.01,-34.86,82.4,69,20,9.17,few clouds,0,0
441,Bor,RU,2020-05-09 23:56:06,56.36,44.07,57.99,93,90,11.18,overcast clouds,0,0
442,Dawson Creek,CA,2020-05-09 23:56:06,55.77,-120.24,55.4,26,1,8.05,clear sky,0,0
443,Hay River,CA,2020-05-09 23:56:06,60.82,-115.8,32.0,80,20,12.75,few clouds,0,0
444,Nouadhibou,MR,2020-05-09 23:56:06,20.93,-17.03,67.03,77,61,23.4,broken clouds,0,0
445,Goderich,CA,2020-05-09 23:51:47,43.75,-81.72,39.0,71,42,3.22,scattered clouds,0,0
446,Inyonga,TZ,2020-05-09 23:56:06,-6.72,32.07,62.17,87,1,3.74,clear sky,0,0
447,Riberalta,BO,2020-05-09 23:53:16,-10.98,-66.1,74.01,73,10,1.48,clear sky,0,0
448,Opotiki,NZ,2020-05-09 23:56:07,-38.08,177.28,64.0,64,0,5.99,clear sky,0,0
449,Tura,IN,2020-05-09 23:56:07,25.52,90.22,73.92,46,0,3.42,clear sky,0,0
450,Yambio,SS,2020-05-09 23:56:07,4.57,28.4,68.92,97,100,2.33,overcast clouds,0,0
451,Zaraza,VE,2020-05-09 23:56:07,9.35,-65.32,81.1,62,24,9.89,few clouds,0,0
452,Santa Rosa,PH,2020-05-09 23:56:07,14.31,121.11,86.0,74,40,2.24,scattered clouds,0,0
453,Dekar,BW,2020-05-09 23:56:07,-21.53,21.93,57.88,39,0,6.42,clear sky,0,0
454,Coahuayana,MX,2020-05-09 23:56:07,18.73,-103.68,86.0,45,40,11.41,scattered clouds,0,0
455,Bone,DE,2020-05-09 23:56:07,51.97,12.14,54.0,70,31,5.19,scattered clouds,0,0
456,Salinas,US,2020-05-09 23:56:07,36.68,-121.66,66.99,67,1,14.99,clear sky,0,0
457,Berlevag,NO,2020-05-09 23:56:07,70.86,29.09,30.45,90,96,7.11,overcast clouds,0,0
458,Yulara,AU,2020-05-09 23:56:08,-25.24,130.99,55.4,47,84,12.75,broken clouds,0,0
459,Oussouye,SN,2020-05-09 23:56:08,12.48,-16.55,73.4,88,55,4.7,broken clouds,0,0
460,Chute-Aux-Outardes,CA,2020-05-09 23:56:08,49.12,-68.4,39.2,73,75,5.82,broken clouds,0,0
461,Teknaf,BD,2020-05-09 23:56:08,20.86,92.31,77.7,60,0,3.42,clear sky,0,0
462,Hauterive,FR,2020-05-09 23:56:08,46.09,3.45,60.8,67,26,13.87,scattered clouds,0,0
463,Matera,IT,2020-05-09 23:56:08,40.5,16.42,60.8,87,5,6.93,clear sky,0,0
464,Marabba,SD,2020-05-09 23:56:08,12.35,32.18,88.07,23,100,5.64,overcast clouds,0,0
465,Mildura,AU,2020-05-09 23:56:08,-34.2,142.15,50.0,93,34,3.36,scattered clouds,0,0
466,Fecamp,FR,2020-05-09 23:56:08,49.76,0.37,61.0,100,100,3.36,light rain,0,0
467,Itoman,JP,2020-05-09 23:56:09,26.12,127.67,78.8,88,20,9.17,few clouds,0,0
468,Caucaia,BR,2020-05-09 23:56:09,-3.74,-38.65,82.99,78,20,8.05,few clouds,0,0
469,Aquidauana,BR,2020-05-09 23:56:09,-20.47,-55.79,67.19,59,0,4.09,clear sky,0,0
470,Moen,NO,2020-05-09 23:56:09,69.13,18.61,30.2,63,56,11.41,broken clouds,0,0
471,Thap Than,TH,2020-05-09 23:56:09,15.46,99.89,84.38,69,89,8.3,overcast clouds,0,0
472,Husavik,IS,2020-05-09 23:56:09,66.04,-17.34,26.6,63,0,1.12,clear sky,0,0
473,Kieta,PG,2020-05-09 23:56:09,-6.22,155.63,85.51,72,82,7.23,light rain,0,0
474,Waingapu,ID,2020-05-09 23:56:09,-9.66,120.26,80.83,76,49,12.1,scattered clouds,0,0
475,Tha Chang,TH,2020-05-09 23:56:09,9.26,99.19,82.99,100,20,1.32,few clouds,0,0
476,Sarakhs,IR,2020-05-09 23:56:09,36.54,61.16,62.6,72,1,2.24,clear sky,0,0
477,Tandlianwala,PK,2020-05-09 23:56:10,31.03,73.13,82.17,36,51,9.35,light rain,0,0
478,Wamba,NG,2020-05-09 23:56:10,8.93,8.6,76.84,71,100,2.04,overcast clouds,0,0
479,Daru,PG,2020-05-09 23:56:10,-9.08,143.21,82.36,82,55,17.49,light rain,0,0
480,Ust-Koksa,RU,2020-05-09 23:56:10,50.27,85.61,52.25,44,0,1.45,clear sky,0,0
481,Kabinda,CD,2020-05-09 23:56:10,-6.13,24.48,69.19,89,42,3.67,scattered clouds,0,0
482,Kemijarvi,FI,2020-05-09 23:56:10,66.71,27.43,26.1,96,12,1.66,few clouds,0,0
483,Saint George,US,2020-05-09 23:56:10,37.1,-113.58,93.2,7,1,13.87,clear sky,0,0
484,Chabahar,IR,2020-05-09 23:56:10,25.29,60.64,82.24,67,21,4.36,few clouds,0,0
485,Oneonta,US,2020-05-09 23:55:46,42.45,-75.06,33.01,70,78,3.0,light snow,0,0
486,Miraflores,MX,2020-05-09 23:56:10,19.22,-98.81,68.0,64,75,5.82,broken clouds,0,0
487,Cayenne,GF,2020-05-09 23:54:59,4.93,-52.33,77.0,100,90,12.48,overcast clouds,0,0
488,Russell,US,2020-05-09 23:56:10,32.35,-85.2,68.0,32,1,5.82,clear sky,0,0
489,Cherskiy,RU,2020-05-09 23:56:11,68.75,161.3,44.08,62,100,13.0,overcast clouds,0,0
490,Kamiiso,JP,2020-05-09 23:56:11,41.82,140.65,53.6,100,75,3.36,light intensity shower rain,0,0
491,Altay,CN,2020-05-09 23:56:11,47.87,88.12,55.47,35,0,1.43,clear sky,0,0
492,Redmond,US,2020-05-09 23:52:35,47.67,-122.12,86.0,37,94,1.99,overcast clouds,0,0
493,Coos Bay,US,2020-05-09 23:56:11,43.37,-124.22,69.01,82,1,8.05,clear sky,0,0
494,Seymchan,RU,2020-05-09 23:56:11,62.88,152.43,34.86,87,100,14.03,overcast clouds,0,0
495,Yenangyaung,MM,2020-05-09 23:56:11,20.47,94.88,85.33,43,0,4.81,clear sky,0,0
496,Ravar,IR,2020-05-09 23:56:11,31.27,56.81,72.73,22,8,2.06,clear sky,0,0
497,Zlobin,HR,2020-05-09 23:56:11,45.29,14.65,50.0,78,16,3.0,few clouds,0,0
498,Shibetsu,JP,2020-05-09 23:56:11,43.66,145.13,53.6,66,100,4.7,light intensity shower rain,0,0
499,Worland,US,2020-05-09 23:54:45,44.02,-107.96,57.2,24,40,7.76,scattered clouds,0,0
500,Kalmunai,LK,2020-05-09 23:56:12,7.42,81.82,80.01,82,86,2.8,overcast clouds,0,0
501,Erzin,TR,2020-05-09 23:56:12,36.96,36.2,64.99,86,5,1.3,clear sky,0,0
502,Alta,NO,2020-05-09 23:56:12,69.97,23.27,30.2,54,96,14.99,overcast clouds,0,0
503,Tocopilla,CL,2020-05-09 23:56:12,-22.09,-70.2,64.0,67,54,6.46,broken clouds,0,0
504,Laguna,US,2020-05-09 23:56:12,38.42,-121.42,91.99,14,1,10.29,clear sky,0,0
505,Vrangel,RU,2020-05-09 23:56:12,42.73,133.08,48.97,96,100,4.83,light rain,0,0
506,Grand-Lahou,CI,2020-05-09 23:56:12,5.14,-5.02,81.99,84,96,12.5,overcast clouds,0,0
507,Jonuta,MX,2020-05-09 23:56:12,18.08,-92.13,85.42,67,98,4.76,moderate rain,0,0
508,At-Bashi,KG,2020-05-09 23:56:12,41.17,75.81,42.01,45,100,1.01,overcast clouds,0,0
509,Celestun,MX,2020-05-09 23:56:12,20.87,-90.4,81.59,79,84,12.75,light rain,0,0
510,Maniitsoq,GL,2020-05-09 23:56:13,65.42,-52.9,39.51,73,95,10.83,overcast clouds,0,0
511,Clovis,US,2020-05-09 23:54:42,36.83,-119.7,100.0,16,40,5.82,scattered clouds,0,0
512,Kuchera,IN,2020-05-09 23:56:13,26.98,73.97,85.15,25,24,3.83,few clouds,0,0
513,Zrenjanin,RS,2020-05-09 23:56:13,45.38,20.38,60.01,71,26,2.24,scattered clouds,0,0
514,Rabo De Peixe,PT,2020-05-09 23:56:13,37.8,-25.58,62.6,93,75,16.11,broken clouds,0,0
515,Srednekolymsk,RU,2020-05-09 23:56:13,67.45,153.68,36.97,86,99,14.9,overcast clouds,0,0
516,Nizwa,OM,2020-05-09 23:56:13,22.93,57.53,80.67,20,0,3.36,clear sky,0,0
517,Samarai,PG,2020-05-09 23:56:13,-10.62,150.67,81.21,80,95,13.62,overcast clouds,0,0
518,Diego De Almagro,CL,2020-05-09 23:56:13,-26.37,-70.05,56.97,61,85,1.36,overcast clouds,0,0
519,San Luis,AR,2020-05-09 23:55:26,-33.3,-66.34,57.29,64,0,3.85,clear sky,0,0
520,Dunedin,NZ,2020-05-09 23:56:13,-45.87,170.5,55.99,83,65,1.99,broken clouds,0,0
521,Guymon,US,2020-05-09 23:56:13,36.68,-101.48,75.2,15,1,21.92,clear sky,0,0
522,Minot,US,2020-05-09 23:56:14,48.23,-101.3,41.0,52,20,14.99,few clouds,0,0
523,Praia Da Vitoria,PT,2020-05-09 23:56:14,38.73,-27.07,64.4,93,75,15.43,broken clouds,0,0
524,Santiago,CL,2020-05-09 23:55:28,-33.46,-70.65,64.4,48,0,9.17,clear sky,0,0
525,Johnson City,US,2020-05-09 23:56:14,36.31,-82.35,55.4,32,1,10.29,clear sky,0,0
526,Arica,CL,2020-05-09 23:51:44,-18.48,-70.3,66.2,77,39,4.7,scattered clouds,0,0
527,Naifaru,MV,2020-05-09 23:56:14,5.44,73.37,84.58,77,100,10.13,overcast clouds,0,0
528,Fredericksburg,US,2020-05-09 23:53:07,38.3,-77.46,50.0,39,1,10.29,clear sky,0,0
529,Belyy Yar,RU,2020-05-09 23:56:14,53.6,91.39,39.2,80,0,2.24,clear sky,0,0
530,Gaoual,GN,2020-05-09 23:56:14,11.75,-13.2,80.38,70,93,7.65,overcast clouds,0,0
531,Deyang,CN,2020-05-09 23:56:14,31.13,104.38,69.01,1,39,4.97,scattered clouds,0,0
532,Te Horo,NZ,2020-05-09 23:56:14,-40.81,175.12,61.0,77,1,1.01,clear sky,0,0
533,San Andres,CO,2020-05-09 23:53:08,12.58,-81.7,84.2,83,90,13.87,overcast clouds,0,0
534,Nuuk,GL,2020-05-09 23:56:15,64.18,-51.72,41.0,77,80,9.17,broken clouds,0,0
535,Stornoway,GB,2020-05-09 23:56:15,58.21,-6.39,39.2,93,67,31.09,light rain,0,0
536,Kavaratti,IN,2020-05-09 23:56:15,10.57,72.64,85.35,71,43,6.87,scattered clouds,0,0
537,Port Hardy,CA,2020-05-09 23:56:15,50.7,-127.42,68.0,45,40,2.24,scattered clouds,0,0
538,Camopi,GF,2020-05-09 23:56:15,3.17,-52.32,74.68,97,100,3.74,light rain,0,0
539,Lamont,US,2020-05-09 23:56:15,35.26,-118.91,98.01,16,4,7.0,clear sky,0,0
540,Natal,BR,2020-05-09 23:51:50,-5.79,-35.21,77.0,83,20,4.7,few clouds,0,0
541,Harper,LR,2020-05-09 23:56:15,4.38,-7.72,80.17,86,96,11.05,overcast clouds,0,0
542,Kinkala,CG,2020-05-09 23:56:15,-4.36,14.76,73.17,90,100,2.91,light rain,0,0
543,Slave Lake,CA,2020-05-09 23:56:15,55.28,-114.77,42.8,56,90,8.05,overcast clouds,0,0
544,Ornskoldsvik,SE,2020-05-09 23:56:16,63.29,18.72,35.6,74,100,2.24,snow,0,0
545,The Valley,AI,2020-05-09 23:51:32,18.22,-63.06,82.4,69,40,9.17,scattered clouds,0,0
546,Villanueva De Cordoba,ES,2020-05-09 23:56:16,38.32,-4.63,59.0,87,90,11.41,overcast clouds,0,0
547,Duluth,US,2020-05-09 23:56:16,46.78,-92.11,44.01,60,100,8.05,overcast clouds,0,0
548,Bac Lieu,VN,2020-05-09 23:56:16,9.29,105.72,85.69,70,100,7.34,overcast clouds,0,0
549,Coueron,FR,2020-05-09 23:56:16,47.22,-1.72,62.01,93,33,8.05,light rain,0,0
550,Miri,MY,2020-05-09 23:56:16,4.41,114.01,78.8,94,75,2.24,broken clouds,0,0
551,Lahij,YE,2020-05-09 23:56:16,13.17,44.58,82.08,43,17,2.95,few clouds,0,0
552,Bafra,TR,2020-05-09 23:56:16,41.57,35.91,41.0,93,20,5.82,few clouds,0,0
553,Burnie,AU,2020-05-09 23:56:16,-41.07,145.92,55.0,69,17,15.99,few clouds,0,0
554,Giyani,ZA,2020-05-09 23:56:16,-23.3,30.72,59.16,88,7,3.96,clear sky,0,0
555,Cehegin,ES,2020-05-09 23:56:17,38.09,-1.8,66.0,82,92,4.0,light rain,0,0
556,San Ramon,US,2020-05-09 23:56:07,37.78,-121.98,87.01,21,1,16.11,clear sky,0,0
557,Muscat,OM,2020-05-09 23:56:17,23.61,58.59,80.6,69,0,2.24,clear sky,0,0
